Datetime,Water Level (m)
2025-07-01 12:00:00,-0.1677372
2025-07-01 13:00:00,-0.42018694
2025-07-01 14:00:00,-0.43131566
2025-07-01 15:00:00,-0.1983391
2025-07-01 16:00:00,0.16385485
2025-07-01 17:00:00,0.55062467
2025-07-01 18:00:00,0.8993166
2025-07-01 19:00:00,1.0861424
2025-07-01 20:00:00,1.0573686
2025-07-01 21:00:00,0.8816273
2025-07-01 22:00:00,0.62840503
2025-07-01 23:00:00,0.34115204
2025-07-02 00:00:00,0.08253564
2025-07-02 01:00:00,-0.098268315
2025-07-02 02:00:00,-0.08252464
2025-07-02 03:00:00,0.12589562
2025-07-02 04:00:00,0.39810276
2025-07-02 05:00:00,0.6770485
2025-07-02 06:00:00,0.9758628
2025-07-02 07:00:00,1.189237
2025-07-02 08:00:00,1.1762398
2025-07-02 09:00:00,0.99497664
2025-07-02 10:00:00,0.73285246
2025-07-02 11:00:00,0.41206503
2025-07-02 12:00:00,0.075293064
2025-07-02 13:00:00,-0.1866274
2025-07-02 14:00:00,-0.28911287
2025-07-02 15:00:00,-0.20616972
2025-07-02 16:00:00,0.011975713
2025-07-02 17:00:00,0.28913462
2025-07-02 18:00:00,0.5980743
2025-07-02 19:00:00,0.87266743
2025-07-02 20:00:00,1.0023036
2025-07-02 21:00:00,0.964834
2025-07-02 22:00:00,0.81898195
2025-07-02 23:00:00,0.60341793
2025-07-03 00:00:00,0.34524643
2025-07-03 01:00:00,0.10531987
2025-07-03 02:00:00,-0.028474234
2025-07-03 03:00:00,0.005714475
2025-07-03 04:00:00,0.17232719
2025-07-03 05:00:00,0.40506375
2025-07-03 06:00:00,0.64975643
2025-07-03 07:00:00,0.87082183
2025-07-03 08:00:00,0.9947549
2025-07-03 09:00:00,0.9641118
2025-07-03 10:00:00,0.81045496
2025-07-03 11:00:00,0.5872999
2025-07-03 12:00:00,0.33835092
2025-07-03 13:00:00,0.07845754
2025-07-03 14:00:00,-0.17245376
2025-07-03 15:00:00,-0.31073633
2025-07-03 16:00:00,-0.23097244
2025-07-03 17:00:00,0.025600461
2025-07-03 18:00:00,0.30885577
2025-07-03 19:00:00,0.5880495
2025-07-03 20:00:00,0.83767796
2025-07-03 21:00:00,0.94211364
2025-07-03 22:00:00,0.87975377
2025-07-03 23:00:00,0.7476189
2025-07-04 00:00:00,0.5855117
2025-07-04 01:00:00,0.37451375
2025-07-04 02:00:00,0.15563224
2025-07-04 03:00:00,0.029796172
2025-07-04 04:00:00,0.04248652
2025-07-04 05:00:00,0.15831022
2025-07-04 06:00:00,0.34640872
2025-07-04 07:00:00,0.55363977
2025-07-04 08:00:00,0.7499544
2025-07-04 09:00:00,0.85767955
2025-07-04 10:00:00,0.8207707
2025-07-04 11:00:00,0.6643568
2025-07-04 12:00:00,0.45731845
2025-07-04 13:00:00,0.23762104
2025-07-04 14:00:00,0.010155371
2025-07-04 15:00:00,-0.18931657
2025-07-04 16:00:00,-0.26270628
2025-07-04 17:00:00,-0.15854591
2025-07-04 18:00:00,0.061056998
2025-07-04 19:00:00,0.3073473
2025-07-04 20:00:00,0.57230467
2025-07-04 21:00:00,0.81640995
2025-07-04 22:00:00,0.9386563
2025-07-04 23:00:00,0.922081
2025-07-05 00:00:00,0.8126663
2025-07-05 01:00:00,0.6503847
2025-07-05 02:00:00,0.43779463
2025-07-05 03:00:00,0.21297918
2025-07-05 04:00:00,0.06628651
2025-07-05 05:00:00,0.049064625
2025-07-05 06:00:00,0.13632743
2025-07-05 07:00:00,0.2831702
2025-07-05 08:00:00,0.4518626
2025-07-05 09:00:00,0.6303502
2025-07-05 10:00:00,0.7456288
2025-07-05 11:00:00,0.72589964
2025-07-05 12:00:00,0.6059764
2025-07-05 13:00:00,0.44242045
2025-07-05 14:00:00,0.23543271
2025-07-05 15:00:00,-0.01098484
2025-07-05 16:00:00,-0.22308348
2025-07-05 17:00:00,-0.29541647
2025-07-05 18:00:00,-0.18679577
2025-07-05 19:00:00,0.03267593
2025-07-05 20:00:00,0.2896773
2025-07-05 21:00:00,0.5727387
2025-07-05 22:00:00,0.83528477
2025-07-05 23:00:00,0.97050625
2025-07-06 00:00:00,0.95400614
2025-07-06 01:00:00,0.85382885
2025-07-06 02:00:00,0.7119177
2025-07-06 03:00:00,0.4934562
2025-07-06 04:00:00,0.22640122
2025-07-06 05:00:00,0.043793563
2025-07-06 06:00:00,0.007974793
2025-07-06 07:00:00,0.06807125
2025-07-06 08:00:00,0.192375
2025-07-06 09:00:00,0.38031596
2025-07-06 10:00:00,0.59481084
2025-07-06 11:00:00,0.7195931
2025-07-06 12:00:00,0.7088766
2025-07-06 13:00:00,0.621725
2025-07-06 14:00:00,0.47956103
2025-07-06 15:00:00,0.24382876
2025-07-06 16:00:00,-0.04109288
2025-07-06 17:00:00,-0.26006275
2025-07-06 18:00:00,-0.31914064
2025-07-06 19:00:00,-0.20680006
2025-07-06 20:00:00,0.02716401
2025-07-06 21:00:00,0.3238645
2025-07-06 22:00:00,0.64541525
2025-07-06 23:00:00,0.9283722
2025-07-07 00:00:00,1.0739565
2025-07-07 01:00:00,1.0786538
2025-07-07 02:00:00,0.9886662
2025-07-07 03:00:00,0.80909634
2025-07-07 04:00:00,0.51721334
2025-07-07 05:00:00,0.18885347
2025-07-07 06:00:00,-0.03549224
2025-07-07 07:00:00,-0.08612503
2025-07-07 08:00:00,-0.011223146
2025-07-07 09:00:00,0.15835519
2025-07-07 10:00:00,0.3839599
2025-07-07 11:00:00,0.62375176
2025-07-07 12:00:00,0.7768706
